{
  "sample_count": 14,
  "rms_error_m": 0.06826784616494956,
  "T_base_camera": [
    [
      0.14946378808524105,
      0.7319143913630731,
      -0.6648021508440175,
      0.8511533780048288
    ],
    [
      0.6411789611453501,
      0.4400830337089144,
      0.6286624398086206,
      -0.5012005627112243
    ],
    [
      0.752695234364998,
      -0.5202194221260685,
      -0.4035116318113277,
      0.25302817313884507
    ],
    [
      0.0,
      0.0,
      0.0,
      1.0
    ]
  ],
  "rotation_matrix": [
    [
      0.14946378808524105,
      0.7319143913630731,
      -0.6648021508440175
    ],
    [
      0.6411789611453501,
      0.4400830337089144,
      0.6286624398086206
    ],
    [
      0.752695234364998,
      -0.5202194221260685,
      -0.4035116318113277
    ]
  ],
  "translation_xyz_m": [
    0.8511533780048288,
    -0.5012005627112243,
    0.25302817313884507
  ],
  "quaternion_xyzw": [
    -0.5274685739898766,
    -0.650793914660202,
    -0.04165797160963538,
    0.5445262137819509
  ],
  "samples": [
    "sample_000_id_00",
    "sample_001_id_01",
    "sample_002_id_02",
    "sample_003_id_03",
    "sample_004_id_04",
    "sample_005_id_05",
    "sample_006_id_11",
    "sample_007_id_17",
    "sample_008_id_21",
    "sample_009_id_27",
    "sample_010_id_31",
    "sample_011_id_35",
    "sample_012_id_39",
    "sample_013_id_43"
  ]
}