{
  "sample_count": 14,
  "rms_error_m": 0.06709470681710569,
  "T_base_camera": [
    [
      0.21104562374356442,
      0.6883240820316195,
      -0.6940242811271213,
      0.8448193408776117
    ],
    [
      0.5793069405216459,
      0.4838093344945029,
      0.6559969485595462,
      -0.5144387236206742
    ],
    [
      0.7873139230079319,
      -0.5404983681301119,
      -0.29664507527775696,
      0.19977804025807253
    ],
    [
      0.0,
      0.0,
      0.0,
      1.0
    ]
  ],
  "rotation_matrix": [
    [
      0.21104562374356442,
      0.6883240820316195,
      -0.6940242811271213
    ],
    [
      0.5793069405216459,
      0.4838093344945029,
      0.6559969485595462
    ],
    [
      0.7873139230079319,
      -0.5404983681301119,
      -0.29664507527775696
    ]
  ],
  "translation_xyz_m": [
    0.8448193408776117,
    -0.5144387236206742,
    0.19977804025807253
  ],
  "quaternion_xyzw": [
    -0.5059351155352874,
    -0.6263802331708543,
    -0.04609763140383551,
    0.5912296260676367
  ],
  "samples": [
    "sample_000_id_00",
    "sample_001_id_01",
    "sample_002_id_02",
    "sample_003_id_03",
    "sample_004_id_04",
    "sample_005_id_05",
    "sample_006_id_11",
    "sample_007_id_17",
    "sample_008_id_21",
    "sample_009_id_27",
    "sample_010_id_31",
    "sample_011_id_35",
    "sample_012_id_39",
    "sample_013_id_43"
  ]
}