{
  "sample_count": 14,
  "rms_error_m": 0.06587808249835743,
  "T_base_camera": [
    [
      0.29834324464790996,
      0.6453516017969522,
      -0.703215911673694,
      0.8300333820867105
    ],
    [
      0.44415203341253773,
      0.5582657558604004,
      0.7007626681331725,
      -0.5103763631729119
    ],
    [
      0.8448196728228252,
      -0.5214025852369002,
      -0.12007940922494438,
      0.11739724745255382
    ],
    [
      0.0,
      0.0,
      0.0,
      1.0
    ]
  ],
  "rotation_matrix": [
    [
      0.29834324464790996,
      0.6453516017969522,
      -0.703215911673694
    ],
    [
      0.44415203341253773,
      0.5582657558604004,
      0.7007626681331725
    ],
    [
      0.8448196728228252,
      -0.5214025852369002,
      -0.12007940922494438
    ]
  ],
  "translation_xyz_m": [
    0.8300333820867105,
    -0.5103763631729119,
    0.11739724745255382
  ],
  "quaternion_xyzw": [
    -0.4637232197152881,
    -0.5873674149196215,
    -0.07634066784280878,
    0.6588872421141887
  ],
  "samples": [
    "sample_000_id_00",
    "sample_001_id_01",
    "sample_002_id_02",
    "sample_003_id_03",
    "sample_004_id_04",
    "sample_005_id_05",
    "sample_006_id_11",
    "sample_007_id_17",
    "sample_008_id_21",
    "sample_009_id_27",
    "sample_010_id_31",
    "sample_011_id_35",
    "sample_012_id_39",
    "sample_013_id_43"
  ]
}