{
  "sample_count": 14,
  "rms_error_m": 0.0686964043382915,
  "T_base_camera": [
    [
      0.18252622830880186,
      0.7247931404264459,
      -0.6643486129812669,
      0.8559567659931839
    ],
    [
      0.4993341797622557,
      0.5137367280737485,
      0.6976675075917145,
      -0.4679871646731925
    ],
    [
      0.8469649065342193,
      -0.45907458851351124,
      -0.2681435609531429,
      0.16728849215075478
    ],
    [
      0.0,
      0.0,
      0.0,
      1.0
    ]
  ],
  "rotation_matrix": [
    [
      0.18252622830880186,
      0.7247931404264459,
      -0.6643486129812669
    ],
    [
      0.4993341797622557,
      0.5137367280737485,
      0.6976675075917145
    ],
    [
      0.8469649065342193,
      -0.45907458851351124,
      -0.2681435609531429
    ]
  ],
  "translation_xyz_m": [
    0.8559567659931839,
    -0.4679871646731925,
    0.16728849215075478
  ],
  "quaternion_xyzw": [
    -0.48397651316675394,
    -0.6323278541860404,
    -0.0943311754727815,
    0.5975197476714488
  ],
  "samples": [
    "sample_000_id_00",
    "sample_001_id_01",
    "sample_002_id_02",
    "sample_003_id_03",
    "sample_004_id_04",
    "sample_005_id_05",
    "sample_006_id_11",
    "sample_007_id_17",
    "sample_008_id_21",
    "sample_009_id_27",
    "sample_010_id_31",
    "sample_011_id_35",
    "sample_012_id_39",
    "sample_013_id_43"
  ]
}