{
  "sample_count": 14,
  "rms_error_m": 0.06850238898186393,
  "T_base_camera": [
    [
      0.16907855635816746,
      0.7356158843442957,
      -0.6559586210121783,
      0.8515102869965923
    ],
    [
      0.5176440745093138,
      0.500081033743946,
      0.6942359626344513,
      -0.46435006686558034
    ],
    [
      0.8387234668859779,
      -0.45693350762441015,
      -0.2962342243982267,
      0.19840224730181244
    ],
    [
      0.0,
      0.0,
      0.0,
      1.0
    ]
  ],
  "rotation_matrix": [
    [
      0.16907855635816746,
      0.7356158843442957,
      -0.6559586210121783
    ],
    [
      0.5176440745093138,
      0.500081033743946,
      0.6942359626344513
    ],
    [
      0.8387234668859779,
      -0.45693350762441015,
      -0.2962342243982267
    ]
  ],
  "translation_xyz_m": [
    0.8515102869965923,
    -0.46435006686558034,
    0.19840224730181244
  ],
  "quaternion_xyzw": [
    -0.49123104213100405,
    -0.6378159416681284,
    -0.09301368918022254,
    0.5858594894904167
  ],
  "samples": [
    "sample_000_id_00",
    "sample_001_id_01",
    "sample_002_id_02",
    "sample_003_id_03",
    "sample_004_id_04",
    "sample_005_id_05",
    "sample_006_id_11",
    "sample_007_id_17",
    "sample_008_id_21",
    "sample_009_id_27",
    "sample_010_id_31",
    "sample_011_id_35",
    "sample_012_id_39",
    "sample_013_id_43"
  ]
}